id	nombre_corto	nombre_largo	topico
1	Farmacias	Creación de Farmacias Populares	Salud
2	Marihuana	Legalización de la Marihuana	Salud
3	Carcel Cohecho	Cárcel Efectiva para Soborno y Cohecho	Justicia
4	Retiro AFP	Retiro Anticipado Fondo de Pensiones	Pensiones
5	Mas Metro	Crear Nuevas Lineas de Metro	Transporte
6	Agua	Desprivatización del Agua	Medio Ambiente
7	SENAME	Reforma Sename	Salud
8	Narcotrafico	Lucha contra el Narcotráfico	Seguridad
9	Termoelectricas	Adelantar Cierre Termoeléctricas	Medio Ambiente
10	Voto Obligatorio	Voto Obligatorio	Civica
11	Educacion RRSS	Educación sobre uso de Redes Sociales	Civica
12	Zonas de Sacrificio	Regulación y Fiscalización de Empresas en Zonas de Sacrificio	Medio Ambiente
13	Impuesto al Carbono	Aumento de Impuesto al Carbono	Medio Ambiente
14	Subsidio Luz	Subsidio al precio de la electricidad	Servicios Basicos
15	Subsidio Agua	Subsidio al precio del agua	Servicios Basicos
16	Bibliotecas	Modernización Bibliotecas	Educacion
17	Salario Profesores	Aumento Salario Profesores	Educacion
18	IVA medicamentos	Reducción IVA a los Medicamentos	Salud
19	IVA libros	Reducción IVA a los libros	Educacion
20	Notarios	Reforma o fin de sistema de Notarios	Burocracia
21	Dieta Parlamentaria	Reducción Dieta Parlamentaria	Gobierno
22	Terrenos Fronterizos	Prohibición Compra de Terrenos Fronterizos a Extranjeros	Soberania
23	Nueva Constitucion	Nueva Constitución para Chile	Gobierno
24	Subsidio Vivienda	Subsidio Vivienda	Gobierno
25	Ciencia y Tecnologia	Aumentar Inversión en Ciencia y Tecnologia a 1% del PIB	Educacion
26	Camara Unica	Reducción del Parlamento a una Camara Única	Gobierno
27	Armas de Fuego	Restricción Venta y Uso de Armas de Fuego	Seguridad
28	Proteccion Consumidor	Aumentar la Protección del Consumidor	Economia
29	Matrimonio Igualitario	Matrimonio Igualitario	Justicia
30	Programas Intervencion	Programas de Intervención para Niños y Jóvenes de Alto Riesgo	Salud
31	Fuerzas Armadas	Reforma Fuerzas Armadas	Gobierno
32	Carcel Colusion	Cárcel efectiva para delitos de Colusión	Justicia
33	Carcel Impuestos	Cárcel efectiva para delitos tributarios (evasión de impuestos)	Justicia
34	Reduccion Parlamento	Reducción Número de Parlamentarios	Gobierno
35	Impuestos a vicios	Aumentar Impuesto al Alcohol, Tabaco, y Comida Chatarra	Salud
36	Informacion Personal	Resguardar y Proteger Información Personal	Privacidad
37	Asamblea Constituyente	Asamblea Constituyente	Gobierno
38	Custodia Compartida	Custodia compartida de hijos de padres separados	Familia
39	Adulto Mayor	Red de Cuidado Adulto Mayor	Salud
40	Pueblos Originarios	Reivindicacion y Apoyo de Pueblos Originarios	Gobierno
41	Litio Estatal	Estatización del Litio	Gobierno
42	Aporte Empleador a AFP	Aporte del Empleador a Fondo de Pensiones	Pensiones
43	Glaciares	Inviolabilidad de Glaciares	Medio Ambiente
44	Bicicletas	Inversión infrastructura cicloviaria	Transporte
45	Contribuciones 	Reducción Contribuciones de Adultos Mayores Vulnerables	Impuestos
46	Transporte Tercera Edad	Transporte Público Gratuito para Ciudadanos de la Tercera Edad	Transporte
47	Bilingue	Promover Educación Bilingue (Inglés)	Educacion
48	Ficha Medica Digital	Establecer Ficha Médica Digital Universal	Salud
49	Venta de Alcohol	Restringir Venta de Alcohol en Delivery, Supermercados, o por Horario	Salud
50	Cuoteo Diplomatico	Eliminar Cuoteo Político en Posiciones Diplomáticas	Gobierno
51	Reeleccion de Alcaldes	Limitar Reelección de Alcaldes, Parlamentarios, y Presidentes	Gobierno
52	Edad de Jubilacion	Aumento Edad de Jubilación	Pensiones
53	Sistema Salud para Electos	Uso Obligatorio de Sistema de Salud Público para Funcionarios Electos	Gobierno
54	Transbank	Fin al Monopolio de Transbank	Economia
55	Pension Minima	Pensión Mínima Igual o Mayor al Sueldo Mínimo	Pensiones
56	Seguro Universal	Seguro Universal de Salud	Salud
57	Derechos Humanos	Investigación Judicial de Violaciones Recientes a los Derechos Humanos	Justicia
58	Retiro FFAA	Retiro de Fuerzas Armadas 	Seguridad
59	Toque de Queda	Fin de Toque de Queda	Seguridad
60	Educacion Tecnico Profesional	Mejorar Educación Técnico Profesional	Educacion
61	Estructura Productiva	Diversificar la Economía	Economia
62	Aumento de Médicos	Aumento de Cupos en Especialidades Médicas	Salud
63	Sala Cuna	Acceso Universal a Sala Cuna	Familia
64	Enfermedades Catastróficas	Creación del Seguro de Enfermedades Catastróficas	Salud
65	Fonasa Farmacia	Ampliación Convenio Fonasa con Farmacias	Salud
66	Eleccion Parlamentarios	Limitar la Reeleción de Parlamentarios y Parlamentarias	Gobierno
67	Participacion Directa	Aumentar Instancias de Participación Ciudadana Directa	Gobierno
68	Fondo Comun Municipal	Fortalecimiento del Fondo Común Municipal	Gobierno
69	Espacios Publicos	Creación de Más y Mejores Espacios Públicos	
70	Pilar Solidario	Aumentar Beneficios del Pilar Solidario	Pensiones
71	Periodo Presidencial	Extender Periodo Presidencial a 6 años	Gobierno
72	Provincias	Reducir Número de Provincias	Gobierno
73	Ley de Pesca	Derogación Ley de Pesca	Economia
74	40 Horas	Reducción de Jornada Laboral a 40 horas	Economia
75	Cambio de Gabinete	Cambio de Gabinete	Gobierno
76	Sueldo Altos Funcionarios	Reducción sueldos altos funcionarios públicos	Gobierno
77	Franquicias tributarias	Eliminación de franquicias tributarias a las ganacias de capital para acciones	Economia
78	Sistema Electorial	Eliminación de elección de parlamentarios por arrastre	Gobierno
79	Vias Exclusivas	Mas Vías Exclusivas para Buses	
80	Autopistas	Mas Autopistas Urbanas	
81	Viviendas Integradas	Integracion de Viviendas Sociales en Edificios Particulares	
82	Barrios Integrados	Integracion de Viviendas Sociales en Barrios Altos	
83	Edad Maxima	Edad Maxima para Candidatos a Cargos Politicos	
84	Libre de Carbono	Chile Libre de Carbono al 2040	
85	Progresividad de Impuestos	Aumentar progresividad de impuestos (mas impuestos a Super Ricos)	
86	CAE	Condonación de las deudas del Crédito con Aval del Estado (CAE)	
87	Sueldo Minimo	Aumentar el Sueldo Mínimo	Economia
88	Plebiscitos Nacionales	Habilitar plebiscitos nacionales.	
89	Autonomia Regional	Entregar más autonomía a las regiones en su gobernanza.	
90	Limite Precio Medicamentos	Limitar Precio o Ganacia de Medicamentos	Salud
